"","contrast","RAWMATERIAL","estimate","lower.HPD","upper.HPD"
"1","STRAT_mod0.01 - STRAT_mod0.09","Hornfels",-1.04780568564533,-1.53493853879622,-0.502646690649059
"2","STRAT_mod0.01 - STRAT_mod0.1","Hornfels",-0.658596111083633,-0.990952639140622,-0.337198232732288
"3","STRAT_mod0.01 - STRAT_mod0.2","Hornfels",-1.26412924226607,-1.66036644506874,-0.871670472936084
"4","STRAT_mod0.01 - STRAT_mod0.3","Hornfels",-0.489282596008458,-0.851488518151862,-0.170235417894249
"5","STRAT_mod0.01 - STRAT_mod0.82","Hornfels",-1.34616737078688,-1.65667873573314,-1.05530381182069
"6","STRAT_mod0.01 - STRAT_mod1.08","Hornfels",-0.844434077782392,-1.15776370520349,-0.564304147359032
"7","STRAT_mod0.01 - STRAT_mod1.44","Hornfels",-0.560819636271171,-0.894589193160487,-0.186663628113812
"8","STRAT_mod0.01 - STRAT_mod2.15","Hornfels",-0.669532895236921,-1.10988300789688,-0.247070117114703
"9","STRAT_mod0.01 - STRAT_mod2.88","Hornfels",-0.186313447508164,-0.492993894308914,0.127372306824298
"10","STRAT_mod0.01 - STRAT_mod3.37","Hornfels",-0.4073110885294,-0.685146161270064,-0.102679553752642
"11","STRAT_mod0.09 - STRAT_mod0.1","Hornfels",0.386829284876593,-0.117509527823182,0.953460541992004
"12","STRAT_mod0.09 - STRAT_mod0.2","Hornfels",-0.219834735394489,-0.828481678778841,0.356553595847913
"13","STRAT_mod0.09 - STRAT_mod0.3","Hornfels",0.554640758429926,-0.000351658494674112,1.09200335352266
"14","STRAT_mod0.09 - STRAT_mod0.82","Hornfels",-0.300464860610368,-0.798377586156263,0.229687354603102
"15","STRAT_mod0.09 - STRAT_mod1.08","Hornfels",0.199769601196639,-0.311586113567642,0.712072132440665
"16","STRAT_mod0.09 - STRAT_mod1.44","Hornfels",0.482507264899843,-0.0676152257260343,1.07739776707806
"17","STRAT_mod0.09 - STRAT_mod2.15","Hornfels",0.379160569141786,-0.260708223659174,0.989870815277795
"18","STRAT_mod0.09 - STRAT_mod2.88","Hornfels",0.860609368528965,0.347474116484724,1.40426813871857
"19","STRAT_mod0.09 - STRAT_mod3.37","Hornfels",0.635244186228222,0.123696218047083,1.14267569936433
"20","STRAT_mod0.1 - STRAT_mod0.2","Hornfels",-0.607185140894029,-1.00140552577884,-0.218898967209634
"21","STRAT_mod0.1 - STRAT_mod0.3","Hornfels",0.16275190088506,-0.146476063914719,0.481733987537198
"22","STRAT_mod0.1 - STRAT_mod0.82","Hornfels",-0.687138303871957,-0.960050433329607,-0.423425456833888
"23","STRAT_mod0.1 - STRAT_mod1.08","Hornfels",-0.187706396043824,-0.461912173272604,0.0737500991981404
"24","STRAT_mod0.1 - STRAT_mod1.44","Hornfels",0.0969507871944517,-0.250196546911761,0.446367093306171
"25","STRAT_mod0.1 - STRAT_mod2.15","Hornfels",-0.0125583860671107,-0.443449720344058,0.420265663016097
"26","STRAT_mod0.1 - STRAT_mod2.88","Hornfels",0.469651007520399,0.179361388568508,0.753540386581224
"27","STRAT_mod0.1 - STRAT_mod3.37","Hornfels",0.246741057530174,-0.0121194214594809,0.512911737377226
"28","STRAT_mod0.2 - STRAT_mod0.3","Hornfels",0.768819707271323,0.343196054287013,1.15613148365406
"29","STRAT_mod0.2 - STRAT_mod0.82","Hornfels",-0.0820730813041189,-0.456068524586423,0.282768162288531
"30","STRAT_mod0.2 - STRAT_mod1.08","Hornfels",0.417071602050283,0.0532036093142811,0.770192982848249
"31","STRAT_mod0.2 - STRAT_mod1.44","Hornfels",0.703342340733583,0.254954423666039,1.10991643239219
"32","STRAT_mod0.2 - STRAT_mod2.15","Hornfels",0.591187861215643,0.0890536964379138,1.0722316035927
"33","STRAT_mod0.2 - STRAT_mod2.88","Hornfels",1.07671137891705,0.70989403499424,1.46284967043892
"34","STRAT_mod0.2 - STRAT_mod3.37","Hornfels",0.852796394140234,0.505801461196566,1.22507113339813
"35","STRAT_mod0.3 - STRAT_mod0.82","Hornfels",-0.851513308283159,-1.15280360470775,-0.575339137478651
"36","STRAT_mod0.3 - STRAT_mod1.08","Hornfels",-0.356559548342584,-0.630313636589714,-0.0701302056504678
"37","STRAT_mod0.3 - STRAT_mod1.44","Hornfels",-0.0701780253410949,-0.433775690490247,0.28465667560101
"38","STRAT_mod0.3 - STRAT_mod2.15","Hornfels",-0.181581237117902,-0.615937205170858,0.264066549447765
"39","STRAT_mod0.3 - STRAT_mod2.88","Hornfels",0.306094165658995,0.0216751447647527,0.630815722361794
"40","STRAT_mod0.3 - STRAT_mod3.37","Hornfels",0.0824892107865326,-0.206102816492173,0.355502998453941
"41","STRAT_mod0.82 - STRAT_mod1.08","Hornfels",0.496484423322586,0.28869991220936,0.726420553896066
"42","STRAT_mod0.82 - STRAT_mod1.44","Hornfels",0.783443504215017,0.460329637816771,1.09754950666958
"43","STRAT_mod0.82 - STRAT_mod2.15","Hornfels",0.673451092367664,0.246745204318553,1.05317949896363
"44","STRAT_mod0.82 - STRAT_mod2.88","Hornfels",1.15950302808736,0.912380665491864,1.40255097202801
"45","STRAT_mod0.82 - STRAT_mod3.37","Hornfels",0.936450211698931,0.708176427163181,1.14967549215292
"46","STRAT_mod1.08 - STRAT_mod1.44","Hornfels",0.284957186994884,-0.0186787376258513,0.599218882680018
"47","STRAT_mod1.08 - STRAT_mod2.15","Hornfels",0.172677854624118,-0.213834126304393,0.580572263989734
"48","STRAT_mod1.08 - STRAT_mod2.88","Hornfels",0.66086352394154,0.421146615152999,0.900625817666624
"49","STRAT_mod1.08 - STRAT_mod3.37","Hornfels",0.437385903250989,0.221284491965469,0.641453262812511
"50","STRAT_mod1.44 - STRAT_mod2.15","Hornfels",-0.109408609824568,-0.585882160702407,0.330430981448952
"51","STRAT_mod1.44 - STRAT_mod2.88","Hornfels",0.375830368528128,0.065414689186873,0.720293530792385
"52","STRAT_mod1.44 - STRAT_mod3.37","Hornfels",0.154305329314281,-0.151729081789877,0.463258956229181
"53","STRAT_mod2.15 - STRAT_mod2.88","Hornfels",0.488589459910317,0.0858294602718619,0.915018883281787
"54","STRAT_mod2.15 - STRAT_mod3.37","Hornfels",0.259652087464671,-0.125918895708364,0.669018493668056
"55","STRAT_mod2.88 - STRAT_mod3.37","Hornfels",-0.224318581879174,-0.46246888419073,0.00470406207913454
"56","STRAT_mod0.01 - STRAT_mod0.09","Opaline/CCS",0.360444629069358,0.0163736215601997,0.693045137712824
"57","STRAT_mod0.01 - STRAT_mod0.1","Opaline/CCS",0.357964198052294,0.0436876589076036,0.663191937192497
"58","STRAT_mod0.01 - STRAT_mod0.2","Opaline/CCS",0.121320709418647,-0.188041878350407,0.408359032176159
"59","STRAT_mod0.01 - STRAT_mod0.3","Opaline/CCS",0.585393069684906,0.307011608045714,0.871584558838157
"60","STRAT_mod0.01 - STRAT_mod0.82","Opaline/CCS",-0.269607093890998,-0.527134022734764,0.0176188558931434
"61","STRAT_mod0.01 - STRAT_mod1.08","Opaline/CCS",0.488623303663039,0.222877685937623,0.765426564504071
"62","STRAT_mod0.01 - STRAT_mod1.44","Opaline/CCS",0.183607439215878,-0.0759212985220703,0.480999537613347
"63","STRAT_mod0.01 - STRAT_mod2.15","Opaline/CCS",0.338484577934262,-0.00671519792494601,0.654015953872054
"64","STRAT_mod0.01 - STRAT_mod2.88","Opaline/CCS",0.471828935841092,0.191204158644671,0.746731920728744
"65","STRAT_mod0.01 - STRAT_mod3.37","Opaline/CCS",0.484708663783446,0.217592483242132,0.756774991475724
"66","STRAT_mod0.09 - STRAT_mod0.1","Opaline/CCS",-0.00640024347642099,-0.285193377989962,0.266165689635032
"67","STRAT_mod0.09 - STRAT_mod0.2","Opaline/CCS",-0.240713416102132,-0.503732353745172,0.0331015634343694
"68","STRAT_mod0.09 - STRAT_mod0.3","Opaline/CCS",0.223862102255291,-0.0242421356941764,0.479518227232779
"69","STRAT_mod0.09 - STRAT_mod0.82","Opaline/CCS",-0.631269265441926,-0.857159133636941,-0.381975263000542
"70","STRAT_mod0.09 - STRAT_mod1.08","Opaline/CCS",0.128007254883374,-0.108173464159705,0.366866847474784
"71","STRAT_mod0.09 - STRAT_mod1.44","Opaline/CCS",-0.179235892600123,-0.405519309911706,0.0783229172074384
"72","STRAT_mod0.09 - STRAT_mod2.15","Opaline/CCS",-0.0255000806424064,-0.337924508113895,0.269800887026395
"73","STRAT_mod0.09 - STRAT_mod2.88","Opaline/CCS",0.110353431793798,-0.124165340745463,0.354106306690653
"74","STRAT_mod0.09 - STRAT_mod3.37","Opaline/CCS",0.122230691395892,-0.128743571702322,0.338194695328269
"75","STRAT_mod0.1 - STRAT_mod0.2","Opaline/CCS",-0.233930215733181,-0.471187384993615,-0.0103988040930139
"76","STRAT_mod0.1 - STRAT_mod0.3","Opaline/CCS",0.231487972602041,0.0174869011980381,0.446159354134301
"77","STRAT_mod0.1 - STRAT_mod0.82","Opaline/CCS",-0.625503607425395,-0.813156670536291,-0.420202478498936
"78","STRAT_mod0.1 - STRAT_mod1.08","Opaline/CCS",0.132812627823145,-0.0610939987138239,0.333214800568889
"79","STRAT_mod0.1 - STRAT_mod1.44","Opaline/CCS",-0.171641894755933,-0.373954607591475,0.0249457078924253
"80","STRAT_mod0.1 - STRAT_mod2.15","Opaline/CCS",-0.020622085710979,-0.280768458978244,0.239962723151534
"81","STRAT_mod0.1 - STRAT_mod2.88","Opaline/CCS",0.117285867586512,-0.0780742288836549,0.318908873704898
"82","STRAT_mod0.1 - STRAT_mod3.37","Opaline/CCS",0.128478191511325,-0.0688280991985741,0.314950023871066
"83","STRAT_mod0.2 - STRAT_mod0.3","Opaline/CCS",0.464695068137298,0.280111471038272,0.66783552378602
"84","STRAT_mod0.2 - STRAT_mod0.82","Opaline/CCS",-0.390499946598926,-0.560671735101797,-0.210833496695739
"85","STRAT_mod0.2 - STRAT_mod1.08","Opaline/CCS",0.366844920049958,0.199694483324577,0.544516285524676
"86","STRAT_mod0.2 - STRAT_mod1.44","Opaline/CCS",0.0618706704244567,-0.123474347709976,0.23626539789007
"87","STRAT_mod0.2 - STRAT_mod2.15","Opaline/CCS",0.214735939670388,-0.0382748041701761,0.471542109951715
"88","STRAT_mod0.2 - STRAT_mod2.88","Opaline/CCS",0.353278203054044,0.164752623289089,0.528670879856283
"89","STRAT_mod0.2 - STRAT_mod3.37","Opaline/CCS",0.364952030875904,0.191353484254269,0.532786074143543
"90","STRAT_mod0.3 - STRAT_mod0.82","Opaline/CCS",-0.856013466039993,-1.00233437409069,-0.699846205880427
"91","STRAT_mod0.3 - STRAT_mod1.08","Opaline/CCS",-0.0981388604036227,-0.246133161037424,0.0571051294974911
"92","STRAT_mod0.3 - STRAT_mod1.44","Opaline/CCS",-0.40274807363376,-0.55765034169413,-0.244304231341583
"93","STRAT_mod0.3 - STRAT_mod2.15","Opaline/CCS",-0.250339551832559,-0.480002701956525,-0.00922913907459066
"94","STRAT_mod0.3 - STRAT_mod2.88","Opaline/CCS",-0.113269065912744,-0.26333496145703,0.0497121612918664
"95","STRAT_mod0.3 - STRAT_mod3.37","Opaline/CCS",-0.100281888617184,-0.244114787662185,0.0506113761846535
"96","STRAT_mod0.82 - STRAT_mod1.08","Opaline/CCS",0.758381392932406,0.632607576642327,0.888533709269715
"97","STRAT_mod0.82 - STRAT_mod1.44","Opaline/CCS",0.454032571018479,0.320609004458772,0.584396001196241
"98","STRAT_mod0.82 - STRAT_mod2.15","Opaline/CCS",0.607225078021887,0.376264130909334,0.818636779281144
"99","STRAT_mod0.82 - STRAT_mod2.88","Opaline/CCS",0.742781579175798,0.612173316976219,0.877530122665565
"100","STRAT_mod0.82 - STRAT_mod3.37","Opaline/CCS",0.755040721646854,0.628338776178754,0.870111173696759
"101","STRAT_mod1.08 - STRAT_mod1.44","Opaline/CCS",-0.305152376888714,-0.430797420654667,-0.168074012696593
"102","STRAT_mod1.08 - STRAT_mod2.15","Opaline/CCS",-0.152421358232225,-0.380570488067797,0.0596440705310828
"103","STRAT_mod1.08 - STRAT_mod2.88","Opaline/CCS",-0.0161103310996549,-0.149891552454167,0.114646117063873
"104","STRAT_mod1.08 - STRAT_mod3.37","Opaline/CCS",-0.00363419005020249,-0.123456348626984,0.118278487834416
"105","STRAT_mod1.44 - STRAT_mod2.15","Opaline/CCS",0.1521495446118,-0.0650653659895015,0.385913085833162
"106","STRAT_mod1.44 - STRAT_mod2.88","Opaline/CCS",0.288773951809462,0.14483384477633,0.425259006299152
"107","STRAT_mod1.44 - STRAT_mod3.37","Opaline/CCS",0.300491075831684,0.176954177995703,0.430734798444004
"108","STRAT_mod2.15 - STRAT_mod2.88","Opaline/CCS",0.135042812144943,-0.0819746682123412,0.364721763987013
"109","STRAT_mod2.15 - STRAT_mod3.37","Opaline/CCS",0.147031967711891,-0.0763870814552545,0.360550848836657
"110","STRAT_mod2.88 - STRAT_mod3.37","Opaline/CCS",0.0118177179589035,-0.117374028032139,0.137699527315004
