"","contrast","ratio","lower.HPD","upper.HPD"
"1","STRAT_mod0.01 Hornfels / STRAT_mod0.09 Hornfels",1.34855186874337,0.945440622848413,1.84431517540539
"2","STRAT_mod0.01 Hornfels / STRAT_mod0.1 Hornfels",1.20075516345153,0.897870926581363,1.55240456895424
"3","STRAT_mod0.01 Hornfels / STRAT_mod0.2 Hornfels",0.590112545334165,0.443596318276011,0.760293612322196
"4","STRAT_mod0.01 Hornfels / STRAT_mod0.3 Hornfels",1.46486008198748,1.10765940522469,1.88791698491578
"5","STRAT_mod0.01 Hornfels / STRAT_mod0.82 Hornfels",0.785299175347293,0.596056147482578,0.99276135687441
"6","STRAT_mod0.01 Hornfels / STRAT_mod1.08 Hornfels",1.15710156971525,0.899390407839263,1.49962291867444
"7","STRAT_mod0.01 Hornfels / STRAT_mod1.44 Hornfels",1.23566127348083,0.950770766329137,1.58142041838679
"8","STRAT_mod0.01 Hornfels / STRAT_mod2.15 Hornfels",1.47186781403598,1.04937892202375,1.99549845491932
"9","STRAT_mod0.01 Hornfels / STRAT_mod2.88 Hornfels",4.44327900555931,3.33133094021567,5.57198995634351
"10","STRAT_mod0.01 Hornfels / STRAT_mod3.37 Hornfels",1.75005080832274,1.33408077892994,2.19592066903755
"11","STRAT_mod0.01 Hornfels / (STRAT_mod0.01 Opaline/CCS)",1.80861343186926,1.75303564700069,1.86326894710584
"12","STRAT_mod0.01 Hornfels / (STRAT_mod0.09 Opaline/CCS)",2.44937932357095,1.72243113748435,3.35145696933539
"13","STRAT_mod0.01 Hornfels / (STRAT_mod0.1 Opaline/CCS)",2.16772970282968,1.61748084555656,2.81270102559381
"14","STRAT_mod0.01 Hornfels / (STRAT_mod0.2 Opaline/CCS)",1.07016105184128,0.802210763921941,1.38064898441431
"15","STRAT_mod0.01 Hornfels / (STRAT_mod0.3 Opaline/CCS)",2.64560435511759,2.01591655365983,3.43440696147065
"16","STRAT_mod0.01 Hornfels / (STRAT_mod0.82 Opaline/CCS)",1.41830516303566,1.08489094933036,1.81698464091439
"17","STRAT_mod0.01 Hornfels / (STRAT_mod1.08 Opaline/CCS)",2.09709849739434,1.61362250391051,2.70177961450663
"18","STRAT_mod0.01 Hornfels / (STRAT_mod1.44 Opaline/CCS)",2.23463256513832,1.69359655852936,2.83845347852163
"19","STRAT_mod0.01 Hornfels / (STRAT_mod2.15 Opaline/CCS)",2.66364431937792,1.88100947009513,3.60463341483609
"20","STRAT_mod0.01 Hornfels / (STRAT_mod2.88 Opaline/CCS)",8.04305369990832,6.02064790141364,10.1375045194549
"21","STRAT_mod0.01 Hornfels / (STRAT_mod3.37 Opaline/CCS)",3.17630767850552,2.44003942550169,4.04261250160262
"22","STRAT_mod0.09 Hornfels / STRAT_mod0.1 Hornfels",0.880102285108334,0.690987484945518,1.12093518204357
"23","STRAT_mod0.09 Hornfels / STRAT_mod0.2 Hornfels",0.433533663070156,0.344276827642432,0.55450104937808
"24","STRAT_mod0.09 Hornfels / STRAT_mod0.3 Hornfels",1.0813301825498,0.829718733125199,1.33422067122288
"25","STRAT_mod0.09 Hornfels / STRAT_mod0.82 Hornfels",0.578080796449979,0.45969804583852,0.721998803453467
"26","STRAT_mod0.09 Hornfels / STRAT_mod1.08 Hornfels",0.851259431948831,0.679673517302453,1.07066327815418
"27","STRAT_mod0.09 Hornfels / STRAT_mod1.44 Hornfels",0.913362059288695,0.710226130909997,1.12498694271461
"28","STRAT_mod0.09 Hornfels / STRAT_mod2.15 Hornfels",1.08529912536494,0.7697328281875,1.41820133987675
"29","STRAT_mod0.09 Hornfels / STRAT_mod2.88 Hornfels",3.2777387806167,2.60707381650781,4.07591011704672
"30","STRAT_mod0.09 Hornfels / STRAT_mod3.37 Hornfels",1.29603152631087,1.03299260687172,1.61552172447955
"31","STRAT_mod0.09 Hornfels / (STRAT_mod0.01 Opaline/CCS)",1.33837805060454,0.903081602687527,1.79234649504183
"32","STRAT_mod0.09 Hornfels / (STRAT_mod0.09 Opaline/CCS)",1.80861343186926,1.75303564700069,1.86326894710584
"33","STRAT_mod0.09 Hornfels / (STRAT_mod0.1 Opaline/CCS)",1.59338397808777,1.24420808771695,2.03342501585582
"34","STRAT_mod0.09 Hornfels / (STRAT_mod0.2 Opaline/CCS)",0.784628030007804,0.60445761995707,0.987829657071388
"35","STRAT_mod0.09 Hornfels / (STRAT_mod0.3 Opaline/CCS)",1.94883957191556,1.49774898664809,2.41427683401549
"36","STRAT_mod0.09 Hornfels / (STRAT_mod0.82 Opaline/CCS)",1.04457436775859,0.82740768970978,1.30383016411548
"37","STRAT_mod0.09 Hornfels / (STRAT_mod1.08 Opaline/CCS)",1.5429707247433,1.21659134545123,1.92926919039024
"38","STRAT_mod0.09 Hornfels / (STRAT_mod1.44 Opaline/CCS)",1.65092653565193,1.33634640688225,2.09041192405264
"39","STRAT_mod0.09 Hornfels / (STRAT_mod2.15 Opaline/CCS)",1.96521885006364,1.40356500608976,2.5805633542596
"40","STRAT_mod0.09 Hornfels / (STRAT_mod2.88 Opaline/CCS)",5.92276997627984,4.6260793494456,7.30350701631156
"41","STRAT_mod0.09 Hornfels / (STRAT_mod3.37 Opaline/CCS)",2.33903056437454,1.83983956990997,2.90875057810087
"42","STRAT_mod0.1 Hornfels / STRAT_mod0.2 Hornfels",0.492137631942632,0.418523327434465,0.571321762732263
"43","STRAT_mod0.1 Hornfels / STRAT_mod0.3 Hornfels",1.22248758219474,1.05980839362733,1.40107785337988
"44","STRAT_mod0.1 Hornfels / STRAT_mod0.82 Hornfels",0.655881048951474,0.573800897992763,0.742047337391908
"45","STRAT_mod0.1 Hornfels / STRAT_mod1.08 Hornfels",0.967335959957579,0.837743118027556,1.08683607426736
"46","STRAT_mod0.1 Hornfels / STRAT_mod1.44 Hornfels",1.03537208518603,0.907560192155155,1.18490512017527
"47","STRAT_mod0.1 Hornfels / STRAT_mod2.15 Hornfels",1.23291828213032,0.94840305290511,1.53797853950922
"48","STRAT_mod0.1 Hornfels / STRAT_mod2.88 Hornfels",3.71284172425772,3.26848848115319,4.15835672746695
"49","STRAT_mod0.1 Hornfels / STRAT_mod3.37 Hornfels",1.46857948251528,1.29806756912932,1.65959751694376
"50","STRAT_mod0.1 Hornfels / (STRAT_mod0.01 Opaline/CCS)",1.50933644102788,1.15278000057882,1.98241055104204
"51","STRAT_mod0.1 Hornfels / (STRAT_mod0.09 Opaline/CCS)",2.04860852572937,1.57136575236567,2.56254262407814
"52","STRAT_mod0.1 Hornfels / (STRAT_mod0.1 Opaline/CCS)",1.80861343186926,1.75303564700069,1.86326894710584
"53","STRAT_mod0.1 Hornfels / (STRAT_mod0.2 Opaline/CCS)",0.890542044285678,0.755243141490661,1.03490808422591
"54","STRAT_mod0.1 Hornfels / (STRAT_mod0.3 Opaline/CCS)",2.21246979533485,1.89498657267487,2.52421637087951
"55","STRAT_mod0.1 Hornfels / (STRAT_mod0.82 Opaline/CCS)",1.18803895095862,1.02459432676841,1.33767976377765
"56","STRAT_mod0.1 Hornfels / (STRAT_mod1.08 Opaline/CCS)",1.74957816275804,1.53267545969454,1.97722185230969
"57","STRAT_mod0.1 Hornfels / (STRAT_mod1.44 Opaline/CCS)",1.87159996679019,1.61820027576454,2.12838906665218
"58","STRAT_mod0.1 Hornfels / (STRAT_mod2.15 Opaline/CCS)",2.22799894622985,1.71919436049014,2.79071157681987
"59","STRAT_mod0.1 Hornfels / (STRAT_mod2.88 Opaline/CCS)",6.71313984055551,5.90689501470484,7.57598471451486
"60","STRAT_mod0.1 Hornfels / (STRAT_mod3.37 Opaline/CCS)",2.65554568729119,2.3363141996987,3.01107783837001
"61","STRAT_mod0.2 Hornfels / STRAT_mod0.3 Hornfels",2.48126858857177,2.181364483766,2.82931464250407
"62","STRAT_mod0.2 Hornfels / STRAT_mod0.82 Hornfels",1.32871888100362,1.17240147850868,1.48439617772698
"63","STRAT_mod0.2 Hornfels / STRAT_mod1.08 Hornfels",1.96301029022147,1.75187220716943,2.19103720891229
"64","STRAT_mod0.2 Hornfels / STRAT_mod1.44 Hornfels",2.10219356949182,1.84664254584296,2.36619573205196
"65","STRAT_mod0.2 Hornfels / STRAT_mod2.15 Hornfels",2.50928071673259,1.99081294228433,3.09202315217534
"66","STRAT_mod0.2 Hornfels / STRAT_mod2.88 Hornfels",7.53774094382039,6.69042423215955,8.33116777687668
"67","STRAT_mod0.2 Hornfels / STRAT_mod3.37 Hornfels",2.979154197845,2.6595674748036,3.30528780908019
"68","STRAT_mod0.2 Hornfels / (STRAT_mod0.01 Opaline/CCS)",3.06664139377155,2.35648868749113,4.02739090372548
"69","STRAT_mod0.2 Hornfels / (STRAT_mod0.09 Opaline/CCS)",4.1650800670388,3.13660012937804,5.12156985592515
"70","STRAT_mod0.2 Hornfels / (STRAT_mod0.1 Opaline/CCS)",3.67207223355643,3.13015901609625,4.29935777373154
"71","STRAT_mod0.2 Hornfels / (STRAT_mod0.2 Opaline/CCS)",1.80861343186926,1.75303564700069,1.86326894710584
"72","STRAT_mod0.2 Hornfels / (STRAT_mod0.3 Opaline/CCS)",4.49160294532406,3.89822143824714,5.11062545679102
"73","STRAT_mod0.2 Hornfels / (STRAT_mod0.82 Opaline/CCS)",2.40312789701547,2.10751153478249,2.69551129907115
"74","STRAT_mod0.2 Hornfels / (STRAT_mod1.08 Opaline/CCS)",3.54933177010936,3.16336105916179,3.9905034142942
"75","STRAT_mod0.2 Hornfels / (STRAT_mod1.44 Opaline/CCS)",3.79599145575528,3.31186269623024,4.28745336630878
"76","STRAT_mod0.2 Hornfels / (STRAT_mod2.15 Opaline/CCS)",4.54190958061818,3.57018257829157,5.60437492869199
"77","STRAT_mod0.2 Hornfels / (STRAT_mod2.88 Opaline/CCS)",13.6139921587396,12.0988471280478,15.2800596148156
"78","STRAT_mod0.2 Hornfels / (STRAT_mod3.37 Opaline/CCS)",5.38026252237201,4.76473474654948,6.01448591260913
"79","STRAT_mod0.3 Hornfels / STRAT_mod0.82 Hornfels",0.535988229592633,0.480922501479206,0.588071252143723
"80","STRAT_mod0.3 Hornfels / STRAT_mod1.08 Hornfels",0.790286632006091,0.721773421235625,0.879801976361553
"81","STRAT_mod0.3 Hornfels / STRAT_mod1.44 Hornfels",0.84740352567493,0.754775252852805,0.932125102695083
"82","STRAT_mod0.3 Hornfels / STRAT_mod2.15 Hornfels",1.01081962899063,0.793582497805696,1.23574035739002
"83","STRAT_mod0.3 Hornfels / STRAT_mod2.88 Hornfels",3.0351592804822,2.77593269104215,3.35246850849118
"84","STRAT_mod0.3 Hornfels / STRAT_mod3.37 Hornfels",1.19886568908485,1.09409613416753,1.32519121405156
"85","STRAT_mod0.3 Hornfels / (STRAT_mod0.01 Opaline/CCS)",1.23635561085724,0.937157915160995,1.60504999492543
"86","STRAT_mod0.3 Hornfels / (STRAT_mod0.09 Opaline/CCS)",1.67465704606879,1.30420394294896,2.09622796102216
"87","STRAT_mod0.3 Hornfels / (STRAT_mod0.1 Opaline/CCS)",1.47843987448568,1.27624782055278,1.70519575834767
"88","STRAT_mod0.3 Hornfels / (STRAT_mod0.2 Opaline/CCS)",0.729628004723732,0.639506398554037,0.83420401556069
"89","STRAT_mod0.3 Hornfels / (STRAT_mod0.3 Opaline/CCS)",1.80861343186926,1.75303564700069,1.86326894710584
"90","STRAT_mod0.3 Hornfels / (STRAT_mod0.82 Opaline/CCS)",0.970181228256721,0.860802183532804,1.06968873564722
"91","STRAT_mod0.3 Hornfels / (STRAT_mod1.08 Opaline/CCS)",1.4319618256374,1.2840092077691,1.5922454604198
"92","STRAT_mod0.3 Hornfels / (STRAT_mod1.44 Opaline/CCS)",1.53115989306392,1.35914008856156,1.69183027977632
"93","STRAT_mod0.3 Hornfels / (STRAT_mod2.15 Opaline/CCS)",1.82752412345855,1.45458935626351,2.25582503029045
"94","STRAT_mod0.3 Hornfels / (STRAT_mod2.88 Opaline/CCS)",5.49338374909484,4.96510554593754,6.07456582734513
"95","STRAT_mod0.3 Hornfels / (STRAT_mod3.37 Opaline/CCS)",2.16998572383853,1.95059174174474,2.39352410602682
"96","STRAT_mod0.82 Hornfels / STRAT_mod1.08 Hornfels",1.47590579644883,1.36751920545559,1.58054841329163
"97","STRAT_mod0.82 Hornfels / STRAT_mod1.44 Hornfels",1.57989004995571,1.4534862663441,1.71320038986606
"98","STRAT_mod0.82 Hornfels / STRAT_mod2.15 Hornfels",1.88494462698658,1.4796241611916,2.26810730641822
"99","STRAT_mod0.82 Hornfels / STRAT_mod2.88 Hornfels",5.66201437283151,5.29209764040699,6.04524469175581
"100","STRAT_mod0.82 Hornfels / STRAT_mod3.37 Hornfels",2.23741766871087,2.0797042285325,2.38715714836809
"101","STRAT_mod0.82 Hornfels / (STRAT_mod0.01 Opaline/CCS)",2.30577453295214,1.71083067542647,2.91321703681293
"102","STRAT_mod0.82 Hornfels / (STRAT_mod0.09 Opaline/CCS)",3.12675936706475,2.47382090661841,3.91183701082128
"103","STRAT_mod0.82 Hornfels / (STRAT_mod0.1 Opaline/CCS)",2.75354620134447,2.40571728128644,3.13484164566807
"104","STRAT_mod0.82 Hornfels / (STRAT_mod0.2 Opaline/CCS)",1.3612062070513,1.2075536848629,1.5303176234671
"105","STRAT_mod0.82 Hornfels / (STRAT_mod0.3 Opaline/CCS)",3.37107802995848,3.03906248245712,3.7275373293686
"106","STRAT_mod0.82 Hornfels / (STRAT_mod0.82 Opaline/CCS)",1.80861343186926,1.75303564700069,1.86326894710584
"107","STRAT_mod0.82 Hornfels / (STRAT_mod1.08 Opaline/CCS)",2.67081510363416,2.45003620067708,2.86907180099525
"108","STRAT_mod0.82 Hornfels / (STRAT_mod1.44 Opaline/CCS)",2.85791559611631,2.62268475073792,3.11539172094561
"109","STRAT_mod0.82 Hornfels / (STRAT_mod2.15 Opaline/CCS)",3.40715914815908,2.71356464188693,4.14979716544427
"110","STRAT_mod0.82 Hornfels / (STRAT_mod2.88 Opaline/CCS)",10.2384354113443,9.45166668098759,10.9632908389002
"111","STRAT_mod0.82 Hornfels / (STRAT_mod3.37 Opaline/CCS)",4.04785568545601,3.7553740667045,4.36423143335389
"112","STRAT_mod1.08 Hornfels / STRAT_mod1.44 Hornfels",1.06947589906907,0.98923051694194,1.15636154208052
"113","STRAT_mod1.08 Hornfels / STRAT_mod2.15 Hornfels",1.2755475930041,1.03269625924355,1.56490656358126
"114","STRAT_mod1.08 Hornfels / STRAT_mod2.88 Hornfels",3.83850613261495,3.57588145735871,4.0778437917732
"115","STRAT_mod1.08 Hornfels / STRAT_mod3.37 Hornfels",1.51691517027709,1.41642015223776,1.63485604384806
"116","STRAT_mod1.08 Hornfels / (STRAT_mod0.01 Opaline/CCS)",1.56340179411294,1.16193122653477,1.96934094822621
"117","STRAT_mod1.08 Hornfels / (STRAT_mod0.09 Opaline/CCS)",2.1248888822862,1.66687238060966,2.6305379095007
"118","STRAT_mod1.08 Hornfels / (STRAT_mod0.1 Opaline/CCS)",1.86519405465917,1.64243186801197,2.13659354230786
"119","STRAT_mod1.08 Hornfels / (STRAT_mod0.2 Opaline/CCS)",0.921018003073914,0.821461684682779,1.03090473651558
"120","STRAT_mod1.08 Hornfels / (STRAT_mod0.3 Opaline/CCS)",2.2858333862198,2.03558618481466,2.5070712873043
"121","STRAT_mod1.08 Hornfels / (STRAT_mod0.82 Opaline/CCS)",1.22561561014571,1.13362167800959,1.33390759257501
"122","STRAT_mod1.08 Hornfels / (STRAT_mod1.08 Opaline/CCS)",1.80861343186926,1.75303564700069,1.86326894710584
"123","STRAT_mod1.08 Hornfels / (STRAT_mod1.44 Opaline/CCS)",1.93462698352309,1.77664237460447,2.10419705733116
"124","STRAT_mod1.08 Hornfels / (STRAT_mod2.15 Opaline/CCS)",2.30707799538905,1.84342120368595,2.81560872455129
"125","STRAT_mod1.08 Hornfels / (STRAT_mod2.88 Opaline/CCS)",6.94506681367549,6.42079650506147,7.43591415085648
"126","STRAT_mod1.08 Hornfels / (STRAT_mod3.37 Opaline/CCS)",2.74264139862732,2.52179922061009,2.95696221487867
"127","STRAT_mod1.44 Hornfels / STRAT_mod2.15 Hornfels",1.1915458825213,0.943748413311743,1.45087967820905
"128","STRAT_mod1.44 Hornfels / STRAT_mod2.88 Hornfels",3.58257365128714,3.29525168922877,3.83709349747119
"129","STRAT_mod1.44 Hornfels / STRAT_mod3.37 Hornfels",1.41639020998445,1.30070223787738,1.52286299060609
"130","STRAT_mod1.44 Hornfels / (STRAT_mod0.01 Opaline/CCS)",1.45860268931744,1.11079722221947,1.87164362185746
"131","STRAT_mod1.44 Hornfels / (STRAT_mod0.09 Opaline/CCS)",1.98088502874311,1.54804343656494,2.43870954479769
"132","STRAT_mod1.44 Hornfels / (STRAT_mod0.1 Opaline/CCS)",1.74434398838065,1.51527783769943,2.00171497180763
"133","STRAT_mod1.44 Hornfels / (STRAT_mod0.2 Opaline/CCS)",0.860803936000082,0.757348871587633,0.975800309746006
"134","STRAT_mod1.44 Hornfels / (STRAT_mod0.3 Opaline/CCS)",2.13508423205127,1.91119246876145,2.38336666813352
"135","STRAT_mod1.44 Hornfels / (STRAT_mod0.82 Opaline/CCS)",1.14499454019281,1.04119568213957,1.2461408638302
"136","STRAT_mod1.44 Hornfels / (STRAT_mod1.08 Opaline/CCS)",1.69103623649672,1.54971659269964,1.83571847563566
"137","STRAT_mod1.44 Hornfels / (STRAT_mod1.44 Opaline/CCS)",1.80861343186926,1.75303564700069,1.86326894710584
"138","STRAT_mod1.44 Hornfels / (STRAT_mod2.15 Opaline/CCS)",2.15889583321731,1.69029788008609,2.60861020102773
"139","STRAT_mod1.44 Hornfels / (STRAT_mod2.88 Opaline/CCS)",6.47754149270503,5.95633969323947,7.05864360707314
"140","STRAT_mod1.44 Hornfels / (STRAT_mod3.37 Opaline/CCS)",2.5648970002784,2.34049618136807,2.78695765301713
"141","STRAT_mod2.15 Hornfels / STRAT_mod2.88 Hornfels",3.01080868536572,2.43350815346735,3.69635901007697
"142","STRAT_mod2.15 Hornfels / STRAT_mod3.37 Hornfels",1.18845433602199,0.964225034966203,1.4691644239517
"143","STRAT_mod2.15 Hornfels / (STRAT_mod0.01 Opaline/CCS)",1.22772989650216,0.895065912604571,1.67447343983749
"144","STRAT_mod2.15 Hornfels / (STRAT_mod0.09 Opaline/CCS)",1.66719989231408,1.20384598041517,2.22540539647573
"145","STRAT_mod2.15 Hornfels / (STRAT_mod0.1 Opaline/CCS)",1.4696918415835,1.14118473655331,1.85141977681239
"146","STRAT_mod2.15 Hornfels / (STRAT_mod0.2 Opaline/CCS)",0.721874799379577,0.569324277694151,0.898206650217636
"147","STRAT_mod2.15 Hornfels / (STRAT_mod0.3 Opaline/CCS)",1.7942967215705,1.4469918387271,2.25052976823585
"148","STRAT_mod2.15 Hornfels / (STRAT_mod0.82 Opaline/CCS)",0.961142317147359,0.766357258906567,1.17856910843539
"149","STRAT_mod2.15 Hornfels / (STRAT_mod1.08 Opaline/CCS)",1.41893978504759,1.14662606726769,1.74389125497015
"150","STRAT_mod2.15 Hornfels / (STRAT_mod1.44 Opaline/CCS)",1.51664589922714,1.2173657739505,1.87403676774382
"151","STRAT_mod2.15 Hornfels / (STRAT_mod2.15 Opaline/CCS)",1.80861343186926,1.75303564700069,1.86326894710584
"152","STRAT_mod2.15 Hornfels / (STRAT_mod2.88 Opaline/CCS)",5.43192891089525,4.44244590590143,6.75259882121819
"153","STRAT_mod2.15 Hornfels / (STRAT_mod3.37 Opaline/CCS)",2.1517276549007,1.70891303386964,2.63485044373177
"154","STRAT_mod2.88 Hornfels / STRAT_mod3.37 Hornfels",0.395584172882775,0.372514667130254,0.420330194950983
"155","STRAT_mod2.88 Hornfels / (STRAT_mod0.01 Opaline/CCS)",0.407460640003712,0.307404140742797,0.513208028961683
"156","STRAT_mod2.88 Hornfels / (STRAT_mod0.09 Opaline/CCS)",0.551365657689206,0.439848586130588,0.689093311135147
"157","STRAT_mod2.88 Hornfels / (STRAT_mod0.1 Opaline/CCS)",0.486898074973588,0.431741800843928,0.549741388289788
"158","STRAT_mod2.88 Hornfels / (STRAT_mod0.2 Opaline/CCS)",0.239958565935739,0.21320494746548,0.266633463888954
"159","STRAT_mod2.88 Hornfels / (STRAT_mod0.3 Opaline/CCS)",0.595520531179039,0.539676550032684,0.651863643812359
"160","STRAT_mod2.88 Hornfels / (STRAT_mod0.82 Opaline/CCS)",0.319944554873673,0.298696752981089,0.344843206145798
"161","STRAT_mod2.88 Hornfels / (STRAT_mod1.08 Opaline/CCS)",0.470883391928448,0.436251869755791,0.503170597298214
"162","STRAT_mod2.88 Hornfels / (STRAT_mod1.44 Opaline/CCS)",0.504522283764182,0.467449587373342,0.545479646311352
"163","STRAT_mod2.88 Hornfels / (STRAT_mod2.15 Opaline/CCS)",0.601522410901096,0.47984142603674,0.727039497345161
"164","STRAT_mod2.88 Hornfels / (STRAT_mod2.88 Opaline/CCS)",1.80861343186926,1.75303564700069,1.86326894710584
"165","STRAT_mod2.88 Hornfels / (STRAT_mod3.37 Opaline/CCS)",0.714657700683987,0.670576643109543,0.767084508408602
"166","STRAT_mod3.37 Hornfels / (STRAT_mod0.01 Opaline/CCS)",1.03163992042655,0.792412435416138,1.31184295258625
"167","STRAT_mod3.37 Hornfels / (STRAT_mod0.09 Opaline/CCS)",1.39465467338305,1.08603943117879,1.70346857595041
"168","STRAT_mod3.37 Hornfels / (STRAT_mod0.1 Opaline/CCS)",1.23188537157927,1.06820920036284,1.37972683341391
"169","STRAT_mod3.37 Hornfels / (STRAT_mod0.2 Opaline/CCS)",0.608422657761468,0.541857819122073,0.673898583024689
"170","STRAT_mod3.37 Hornfels / (STRAT_mod0.3 Opaline/CCS)",1.50836739830021,1.35585955162514,1.65118897125385
"171","STRAT_mod3.37 Hornfels / (STRAT_mod0.82 Opaline/CCS)",0.807866598728776,0.750758676370691,0.869754841677595
"172","STRAT_mod3.37 Hornfels / (STRAT_mod1.08 Opaline/CCS)",1.19191452202754,1.10527981672686,1.28509790064369
"173","STRAT_mod3.37 Hornfels / (STRAT_mod1.44 Opaline/CCS)",1.27650922834239,1.17741985141471,1.38285482892622
"174","STRAT_mod3.37 Hornfels / (STRAT_mod2.15 Opaline/CCS)",1.52434455733752,1.19502860859654,1.83169549265637
"175","STRAT_mod3.37 Hornfels / (STRAT_mod2.88 Opaline/CCS)",4.57624799879511,4.27354674163679,4.89704175138289
"176","STRAT_mod3.37 Hornfels / (STRAT_mod3.37 Opaline/CCS)",1.80861343186926,1.75303564700069,1.86326894710584
"177","(STRAT_mod0.01 Opaline/CCS) / (STRAT_mod0.09 Opaline/CCS)",1.34855186874337,0.945440622848413,1.84431517540539
"178","(STRAT_mod0.01 Opaline/CCS) / (STRAT_mod0.1 Opaline/CCS)",1.20075516345153,0.897870926581363,1.55240456895424
"179","(STRAT_mod0.01 Opaline/CCS) / (STRAT_mod0.2 Opaline/CCS)",0.590112545334165,0.443596318276011,0.760293612322196
"180","(STRAT_mod0.01 Opaline/CCS) / (STRAT_mod0.3 Opaline/CCS)",1.46486008198748,1.10765940522469,1.88791698491578
"181","(STRAT_mod0.01 Opaline/CCS) / (STRAT_mod0.82 Opaline/CCS)",0.785299175347293,0.596056147482578,0.99276135687441
"182","(STRAT_mod0.01 Opaline/CCS) / (STRAT_mod1.08 Opaline/CCS)",1.15710156971525,0.899390407839263,1.49962291867444
"183","(STRAT_mod0.01 Opaline/CCS) / (STRAT_mod1.44 Opaline/CCS)",1.23566127348083,0.950770766329138,1.58142041838679
"184","(STRAT_mod0.01 Opaline/CCS) / (STRAT_mod2.15 Opaline/CCS)",1.47186781403598,1.04937892202375,1.99549845491932
"185","(STRAT_mod0.01 Opaline/CCS) / (STRAT_mod2.88 Opaline/CCS)",4.44327900555931,3.33133094021567,5.57198995634351
"186","(STRAT_mod0.01 Opaline/CCS) / (STRAT_mod3.37 Opaline/CCS)",1.75005080832273,1.33408077892994,2.19592066903755
"187","(STRAT_mod0.09 Opaline/CCS) / (STRAT_mod0.1 Opaline/CCS)",0.880102285108334,0.690987484945518,1.12093518204357
"188","(STRAT_mod0.09 Opaline/CCS) / (STRAT_mod0.2 Opaline/CCS)",0.433533663070156,0.344276827642432,0.554501049378081
"189","(STRAT_mod0.09 Opaline/CCS) / (STRAT_mod0.3 Opaline/CCS)",1.0813301825498,0.829718733125199,1.33422067122288
"190","(STRAT_mod0.09 Opaline/CCS) / (STRAT_mod0.82 Opaline/CCS)",0.578080796449979,0.45969804583852,0.721998803453467
"191","(STRAT_mod0.09 Opaline/CCS) / (STRAT_mod1.08 Opaline/CCS)",0.851259431948831,0.679673517302453,1.07066327815418
"192","(STRAT_mod0.09 Opaline/CCS) / (STRAT_mod1.44 Opaline/CCS)",0.913362059288695,0.710226130909997,1.12498694271461
"193","(STRAT_mod0.09 Opaline/CCS) / (STRAT_mod2.15 Opaline/CCS)",1.08529912536494,0.7697328281875,1.41820133987675
"194","(STRAT_mod0.09 Opaline/CCS) / (STRAT_mod2.88 Opaline/CCS)",3.2777387806167,2.60707381650781,4.07591011704672
"195","(STRAT_mod0.09 Opaline/CCS) / (STRAT_mod3.37 Opaline/CCS)",1.29603152631087,1.03299260687172,1.61552172447955
"196","(STRAT_mod0.1 Opaline/CCS) / (STRAT_mod0.2 Opaline/CCS)",0.492137631942632,0.418523327434465,0.571321762732263
"197","(STRAT_mod0.1 Opaline/CCS) / (STRAT_mod0.3 Opaline/CCS)",1.22248758219474,1.05980839362733,1.40107785337988
"198","(STRAT_mod0.1 Opaline/CCS) / (STRAT_mod0.82 Opaline/CCS)",0.655881048951474,0.573800897992763,0.742047337391908
"199","(STRAT_mod0.1 Opaline/CCS) / (STRAT_mod1.08 Opaline/CCS)",0.967335959957579,0.837743118027556,1.08683607426736
"200","(STRAT_mod0.1 Opaline/CCS) / (STRAT_mod1.44 Opaline/CCS)",1.03537208518603,0.907560192155155,1.18490512017527
"201","(STRAT_mod0.1 Opaline/CCS) / (STRAT_mod2.15 Opaline/CCS)",1.23291828213032,0.94840305290511,1.53797853950922
"202","(STRAT_mod0.1 Opaline/CCS) / (STRAT_mod2.88 Opaline/CCS)",3.71284172425772,3.26848848115319,4.15835672746694
"203","(STRAT_mod0.1 Opaline/CCS) / (STRAT_mod3.37 Opaline/CCS)",1.46857948251528,1.29806756912932,1.65959751694376
"204","(STRAT_mod0.2 Opaline/CCS) / (STRAT_mod0.3 Opaline/CCS)",2.48126858857177,2.181364483766,2.82931464250407
"205","(STRAT_mod0.2 Opaline/CCS) / (STRAT_mod0.82 Opaline/CCS)",1.32871888100362,1.17240147850868,1.48439617772698
"206","(STRAT_mod0.2 Opaline/CCS) / (STRAT_mod1.08 Opaline/CCS)",1.96301029022147,1.75187220716943,2.19103720891229
"207","(STRAT_mod0.2 Opaline/CCS) / (STRAT_mod1.44 Opaline/CCS)",2.10219356949182,1.84664254584296,2.36619573205196
"208","(STRAT_mod0.2 Opaline/CCS) / (STRAT_mod2.15 Opaline/CCS)",2.50928071673259,1.99081294228433,3.09202315217534
"209","(STRAT_mod0.2 Opaline/CCS) / (STRAT_mod2.88 Opaline/CCS)",7.53774094382039,6.69042423215955,8.33116777687668
"210","(STRAT_mod0.2 Opaline/CCS) / (STRAT_mod3.37 Opaline/CCS)",2.979154197845,2.6595674748036,3.30528780908019
"211","(STRAT_mod0.3 Opaline/CCS) / (STRAT_mod0.82 Opaline/CCS)",0.535988229592633,0.480922501479206,0.588071252143724
"212","(STRAT_mod0.3 Opaline/CCS) / (STRAT_mod1.08 Opaline/CCS)",0.790286632006091,0.721773421235625,0.879801976361553
"213","(STRAT_mod0.3 Opaline/CCS) / (STRAT_mod1.44 Opaline/CCS)",0.84740352567493,0.754775252852805,0.932125102695083
"214","(STRAT_mod0.3 Opaline/CCS) / (STRAT_mod2.15 Opaline/CCS)",1.01081962899063,0.793582497805696,1.23574035739002
"215","(STRAT_mod0.3 Opaline/CCS) / (STRAT_mod2.88 Opaline/CCS)",3.0351592804822,2.77593269104215,3.35246850849118
"216","(STRAT_mod0.3 Opaline/CCS) / (STRAT_mod3.37 Opaline/CCS)",1.19886568908485,1.09409613416753,1.32519121405156
"217","(STRAT_mod0.82 Opaline/CCS) / (STRAT_mod1.08 Opaline/CCS)",1.47590579644883,1.36751920545559,1.58054841329163
"218","(STRAT_mod0.82 Opaline/CCS) / (STRAT_mod1.44 Opaline/CCS)",1.57989004995571,1.4534862663441,1.71320038986606
"219","(STRAT_mod0.82 Opaline/CCS) / (STRAT_mod2.15 Opaline/CCS)",1.88494462698658,1.4796241611916,2.26810730641822
"220","(STRAT_mod0.82 Opaline/CCS) / (STRAT_mod2.88 Opaline/CCS)",5.66201437283151,5.29209764040699,6.04524469175581
"221","(STRAT_mod0.82 Opaline/CCS) / (STRAT_mod3.37 Opaline/CCS)",2.23741766871087,2.0797042285325,2.38715714836809
"222","(STRAT_mod1.08 Opaline/CCS) / (STRAT_mod1.44 Opaline/CCS)",1.06947589906907,0.989230516941941,1.15636154208052
"223","(STRAT_mod1.08 Opaline/CCS) / (STRAT_mod2.15 Opaline/CCS)",1.2755475930041,1.03269625924355,1.56490656358126
"224","(STRAT_mod1.08 Opaline/CCS) / (STRAT_mod2.88 Opaline/CCS)",3.83850613261495,3.57588145735871,4.0778437917732
"225","(STRAT_mod1.08 Opaline/CCS) / (STRAT_mod3.37 Opaline/CCS)",1.51691517027709,1.41642015223776,1.63485604384805
"226","(STRAT_mod1.44 Opaline/CCS) / (STRAT_mod2.15 Opaline/CCS)",1.1915458825213,0.943748413311743,1.45087967820905
"227","(STRAT_mod1.44 Opaline/CCS) / (STRAT_mod2.88 Opaline/CCS)",3.58257365128714,3.29525168922877,3.83709349747118
"228","(STRAT_mod1.44 Opaline/CCS) / (STRAT_mod3.37 Opaline/CCS)",1.41639020998445,1.30070223787738,1.52286299060609
"229","(STRAT_mod2.15 Opaline/CCS) / (STRAT_mod2.88 Opaline/CCS)",3.01080868536572,2.43350815346735,3.69635901007697
"230","(STRAT_mod2.15 Opaline/CCS) / (STRAT_mod3.37 Opaline/CCS)",1.18845433602198,0.964225034966203,1.4691644239517
"231","(STRAT_mod2.88 Opaline/CCS) / (STRAT_mod3.37 Opaline/CCS)",0.395584172882775,0.372514667130254,0.420330194950983
