"","Rem.Weight","Max.thick","Mean.t","GIUR"
"1",2.78,3.54,8.29779761904762,133.506098871171
"2",2.48,4.68,8.29779761904762,257.694802805392
"3",1.18,4.9,8.29779761904762,39.7806731496204
"4",1.62,3.41,8.29779761904762,114.457247802199
"5",0.79,3.41,8.29779761904762,52.5411614423216
"6",0.82,4.88,8.29779761904762,54.1355573135369
"7",0.83,2.31,8.29779761904762,19.5100359366303
"8",1.5,4.73,8.29779761904762,58.602247706163
"9",3.62,7.01,8.29779761904762,88.5832382090433
"10",1.21,3.76,8.29779761904762,80.1179204656308
"11",2.47,5.98,8.29779761904762,194.554870600188
"12",0.92,2.87,8.29779761904762,23.8275484267243
"13",1.29,3.87,8.29779761904762,121.373481945095
"14",2.48,6.91,8.29779761904762,195.36866212443
"15",0.34,2.97,8.29779761904762,44.1713754206676
"16",2.02,3.53,8.29779761904762,82.3963549601747
"17",1.36,3.39,8.29779761904762,69.3582059299358
"18",0.78,2.85,8.29779761904762,31.6784274634578
"19",1.18,3.82,8.29779761904762,39.8924317061261
"20",1.43,3.61,8.29779761904762,191.273531849274
"21",2.34,4.44,8.29779761904762,76.9706445537491
"22",3.43,7.38,8.29779761904762,174.287974858199
"23",1.34,3.44,8.29779761904762,46.3829534281235
"24",1.04,3.1,8.29779761904762,30.9986554757106
"25",2.38,4.95,8.29779761904762,102.417778993442
"26",1.88,4.09,8.29779761904762,133.934125191763
"27",2.04,3.25,8.29779761904762,87.3696224567712
"28",2.43,5.65,8.29779761904762,81.1295111782073
"29",1.32,3.16,8.29779761904762,75.4612636262092
"30",5.08,8.21,8.29779761904762,164.764939958553
"31",1.58,4.59,8.29779761904762,53.9441708332572
"32",1.74,4.34,8.29779761904762,131.935192235256
"33",3.24,6.2,8.29779761904762,105.358461454302
"34",1.95,5.83,8.29779761904762,47.7825645864473
"35",1.34,3.76,8.29779761904762,30.1502589550789
"36",1.67,3.29,8.29779761904762,17.5965926871158
"37",0.37,2.05,8.29779761904762,4.29771876483205
"38",1.32,4.03,8.29779761904762,140.712580637619
"39",0.7,3.24,8.29779761904762,60.9187247856383
"40",0.77,4.07,8.29779761904762,37.7459460321081
"41",0.9,2.51,8.29779761904762,27.7858529606767
"42",1.01,4.73,8.29779761904762,101.343394527874
"43",1.07,2.42,8.29779761904762,44.6911552206086
"44",0.79,2.78,8.29779761904762,56.5545548990158
"45",1.12,3.91,8.29779761904762,114.748114537836
"46",1.51,5.64,8.29779761904762,157.69948590546
"47",0.54,2.52,8.29779761904762,65.9360815361655
"48",1.51,5.57,8.29779761904762,113.860339965696
"49",2.27,6.88,8.29779761904762,153.232666419608
"50",0.99,3.55,8.29779761904762,38.4780492343351
"51",2.21,3.76,8.29779761904762,75.0983492194845
"52",3.01,7.36,8.29779761904762,219.950415491093
"53",3.96,6.76,8.29779761904762,488.721369623156
"54",0.81,3.82,8.29779761904762,40.7359004517703
"55",1.31,5.03,8.29779761904762,49.1115761638105
"56",3.78,7.02,8.29779761904762,285.715065412398
"57",0.66,2.9,8.29779761904762,24.3957755114295
"58",0.93,2.81,8.29779761904762,18.8362062760915
"59",1.55,5.49,8.29779761904762,102.201394597117
"60",0.7,3.41,8.29779761904762,49.8908907091068
"61",0.93,4.03,8.29779761904762,51.6658250182758
"62",1.76,5.81,8.29779761904762,88.9735730748167
"63",1.39,5.96,8.29779761904762,289.211453319013
"64",1.65,5.91,8.29779761904762,126.097307826576
"65",0.58,3.4,8.29779761904762,33.931383312208
"66",2.31,5.74,8.29779761904762,201.14348436457
"67",0.5,2.28,8.29779761904762,46.5917471827492
"68",3.21,8.68,8.29779761904762,208.20211236049
"69",1.54,6.22,8.29779761904762,75.1649396591208
"70",0.82,3.3,8.29779761904762,50.0934472517126
"71",3.66,5.93,8.29779761904762,116.430414005601
"72",1,3.35,8.29779761904762,10.9400298639965
"73",1.43,4.93,8.29779761904762,94.9540946316186
"74",0.62,3.42,8.29779761904762,31.6327637511327
"75",0.51,3.17,8.29779761904762,10.3570424853291
"76",1.26,5.06,8.29779761904762,58.0101908955353
"77",0.57,2.91,8.29779761904762,47.3064345705007
"78",1.06,3.91,8.29779761904762,5.58178220705049
"79",2.93,3.91,8.29779761904762,152.938525227568
"80",1.5,3.6,8.29779761904762,31.7354250817257
"81",1.43,4.93,8.29779761904762,41.4997191377303
"82",0.84,4.15,8.29779761904762,23.9097918176102
"83",1.49,2.78,8.29779761904762,25.7615301573257
"84",2.35,5.02,8.29779761904762,183.487619616723
"85",1.88,5.09,8.29779761904762,365.107342150789
"86",1.42,4.3,8.29779761904762,58.4986389593275
"87",1.23,4.57,8.29779761904762,46.7860676444265
"88",0.36,2.54,8.29779761904762,25.34041964828
"89",3.32,5.46,8.29779761904762,120.351852837506
"90",1.46,5.58,8.29779761904762,97.0010457879419
"91",0.95,4.02,8.29779761904762,38.4707496713055
"92",3.96,5.22,8.29779761904762,91.89959557835
"93",0.56,2.22,8.29779761904762,27.9002079974306
"94",0.96,3.22,8.29779761904762,45.9584976289996
"95",2.09,4.71,8.29779761904762,165.891091847601
"96",1.95,5.3,8.29779761904762,346.566637603275
"97",2.63,6.34,8.29779761904762,372.106767746244
"98",4.53,10.33,8.29779761904762,216.56864864429
"99",3.73,6.56,8.29779761904762,191.111106590832
"100",2.19,6.62,8.29779761904762,147.191627427381
"101",2.21,4.16,8.29779761904762,150.355283676648
"102",0.73,3,8.29779761904762,37.7143369612722
"103",3.25,6.08,8.29779761904762,321.833965288402
"104",1.35,4.26,8.29779761904762,52.1012113047192
"105",3.1,8.18,8.29779761904762,785.768295348362
"106",0.73,3.1,8.29779761904762,51.8411528780674
"107",0.85,3.55,8.29779761904762,34.8016163891976
"108",2.19,4.9,8.29779761904762,61.0763645430724
"109",0.74,3.15,8.29779761904762,38.6196313305129
"110",2.42,6.08,8.29779761904762,192.194784548514
"111",2.03,4.95,8.29779761904762,84.6526945516009
"112",2.91,4.88,8.29779761904762,496.094826196686
"113",1.17,4.04,8.29779761904762,97.6940128641354
"114",3.22,8.35,8.29779761904762,75.1127329501498
"115",1.67,5.53,8.29779761904762,28.3124855731635
"116",2.24,4.73,8.29779761904762,89.2692860195302
"117",0.9,4.38,8.29779761904762,72.4441918946563
"118",1.47,4.92,8.29779761904762,35.8064256884068
"119",1.53,5.16,8.29779761904762,201.201037083621
"120",3.39,5.83,8.29779761904762,78.1135371088755
"121",1.68,4.68,8.29779761904762,49.4099040088999
"122",0.82,3.27,8.29779761904762,21.6045744162189
"123",0.71,3.91,8.29779761904762,39.2284916167873
"124",2.83,5.45,8.29779761904762,366.864065740337
"125",2.77,7.31,8.29779761904762,301.63781204687
"126",0.18,3.02,8.29779761904762,2.60275701711559
"127",1.03,4.59,8.29779761904762,104.631875852565
"128",1.25,4.05,8.29779761904762,43.8643011572897
"129",0.57,2.98,8.29779761904762,33.7985359300574
"130",0.47,2.75,8.29779761904762,53.3638910781098
"131",0.92,3.93,8.29779761904762,37.6031530470139
"132",0.63,3.01,8.29779761904762,49.848450747533
"133",0.32,1.91,8.29779761904762,32.9475853590878
"134",0.31,2.31,8.29779761904762,26.0083538584434
"135",0.92,4.42,8.29779761904762,66.8942091600077
"136",1.22,5.14,8.29779761904762,94.748964122643
"137",1.54,4.58,8.29779761904762,88.8198465187446
"138",0.72,3.13,8.29779761904762,57.1984574108667
"139",2,4.4,8.29779761904762,112.70341331729
"140",1.57,4.94,8.29779761904762,101.88790807916
"141",3.31,6.27,8.29779761904762,352.306492130022
"142",0.73,3.5,8.29779761904762,47.4770694064819
"143",2.47,4.75,8.29779761904762,94.4555113191222
"144",1.17,4.28,8.29779761904762,71.3198724420907
"145",0.89,3.51,8.29779761904762,88.8287864409415
"146",1.35,4.88,8.29779761904762,117.860838692772
"147",1.63,3.4,8.29779761904762,72.7582260054965
"148",0.72,3.8,8.29779761904762,33.7626045706407
"149",0.79,4.37,8.29779761904762,57.3575692011928
"150",2.04,5.2,8.29779761904762,143.72551943678
"151",2.07,5.61,8.29779761904762,127.586607132893
"152",3,5.69,8.29779761904762,177.082264639626
"153",2.65,5.17,8.29779761904762,299.001446854862
"154",1.68,3.98,8.29779761904762,39.5469329487774
"155",1,3.67,8.29779761904762,38.4188052615405
"156",2.37,6.78,8.29779761904762,65.7413573334414
"157",0.84,3.19,8.29779761904762,12.9367221022336
"158",1.15,3.09,8.29779761904762,52.8742660936917
"159",0.78,2.65,8.29779761904762,30.4325310336064
"160",0.95,2.81,8.29779761904762,51.9085106111633
"161",1.11,3.33,8.29779761904762,55.827453421894
"162",0.68,3.56,8.29779761904762,56.8414981890552
"163",1.67,6.19,8.29779761904762,65.4139901429814
"164",0.48,2.11,8.29779761904762,19.7117445749941
"165",1.14,3.54,8.29779761904762,30.2435013172808
"166",1.5,4.22,8.29779761904762,75.8924324743517
"167",0.38,2.61,8.29779761904762,18.6036744940922
"168",0.67,3.19,8.29779761904762,63.4656357968971
